STAFF ID,STAFF NAME,GENDER,AGE,CONTACT NO,DESIGNNATION,DATE JOINED,salary
ST001,Arvind Kumar,Male,42,9876512340,Admin Officer,15-03-2016,42000
ST002,Priya Bhattacharya,Female,38,9876512341,Nurse,11-04-2017,37000
ST003,Naveen Reddy,Male,35,9876512342,Lab Technician,21-07-2020,25000
ST004,Kavitha Raman,Female,31,9876512343,Receptionist,12-09-2019,21000
ST005,Jitesh Varma,Male,49,9876512344,Security Head,28-02-2015,35000
ST006,Swathi Iyer,Female,33,9876512345,Nurse,09-07-2018,36000
ST007,Rajasekar Pandian,Male,39,9876512346,Pharmacist,05-01-2021,28000
ST008,Sneha Christopher,Female,27,9876512347,Office Asst.,26-04-2022,18000
ST009,Yashwanth Singh,Male,44,9876512348,Finance Clerk,17-08-2015,32000
ST010,Divya Nair,Female,29,9876512349,Ward Attendant,10-03-2023,17000
ST011,Anil Kumar,Male,41,9876512350,Electrician,22-10-2017,23000
ST012,Chitra Sekar,Female,36,9876512351,Nurse,04-02-2018,35000
ST013,Vignesh Raj,Male,32,9876512352,Lab Technician,15-06-2020,25500
ST014,Gayatri Patel,Female,30,9876512353,Receptionist,01-12-2019,21500
ST015,Suresh Menon,Male,48,9876512354,Security Guard,23-05-2013,24000
ST016,Leela George,Female,43,9876512355,Store Keeper,27-11-2014,25000
ST017,Balaji Pillai,Male,28,9876512356,Office Asst.,13-10-2022,18500
ST018,Nisha Sharma,Female,37,9876512357,HR Executive,14-08-2016,38000
ST019,Manoj Das,Male,40,9876512358,Admin Officer,25-09-2015,42000
ST020,Deepa Reddy,Female,35,9876512359,Nurse,11-01-2022,37000
ST021,Sandeep Shetty,Male,31,9876512360,Lab Technician,03-06-2022,25000
ST022,Rekha Mishra,Female,33,9876512361,Receptionist,27-09-2021,20000
ST023,Gopinath Mahadevan,Male,47,9876512362,Security Guard,12-02-2014,23500
ST024,Uma Joshi,Female,39,9876512363,Nurse,14-11-2016,35000
ST025,Prakash More,Male,37,9876512364,Ambulance Driver,18-03-2018,27000
ST026,Reena Sutar,Female,34,9876512365,Nurse,01-10-2019,35500
ST027,Madhu Menon,Male,29,9876512366,Office Asst.,07-07-2021,19000
ST028,Rupa Basu,Female,41,9876512367,HR Executive,23-04-2017,38500
ST029,Anwar Ali,Male,36,9876512368,Finance Clerk,19-12-2016,32400
ST030,Meera Mohan,Female,32,9876512369,Receptionist,16-01-2020,21200
ST031,Vijay Rajan,Male,45,9876512370,Admin Officer,08-06-2012,44000
ST032,Kalaivani,Female,40,9876512371,Nurse,15-09-2018,36000
ST033,Navin Jain,Male,38,9876512372,Security Guard,19-11-2015,24000
ST034,Roma Chand,Female,27,9876512373,Office Asst.,24-02-2023,17500
ST035,Arjun Swamy,Male,33,9876512374,Electrician,20-05-2019,22500
ST036,Mitali Sen,Female,31,9876512375,Receptionist,26-10-2022,21100
ST037,Raman Tadipalli,Male,42,9876512376,Store Keeper,13-01-2016,24800
ST038,Rani Raj,Female,34,9876512377,Nurse,21-08-2019,35700
ST039,Sagar Saxena,Male,28,9876512378,Ward Attendant,29-11-2020,17000
ST040,Shweta Bhatt,Female,29,9876512379,Nurse,02-04-2023,35000
ST041,Thiruvel Pandian,Male,46,9876512380,Security Head,31-08-2012,35500
ST042,Farida Chowdhury,Female,37,9876512381,Pharmacist,22-06-2020,28100
ST043,Chinnadurai Murugan,Male,35,9876512382,Electrician,14-07-2021,23100
ST044,Shilpa Shergill,Female,30,9876512383,Ward Attendant,27-03-2022,17800
ST045,Ganesh Sahu,Male,39,9876512384,Ambulance Driver,30-05-2014,27200
ST046,Priyanka Desai,Female,41,9876512385,Nurse,16-07-2013,36200
ST047,Francis Dsouza,Male,37,9876512386,Security Guard,02-01-2018,23800
ST048,Amudha Lakshmi,Female,36,9876512387,Nurse,28-10-2016,35750
ST049,Mohan Pal,Male,44,9876512388,Store Keeper,19-04-2010,26000
ST050,Neha Koneru,Female,28,9876512389,Office Asst.,13-03-2023,18200
