Doctor ID,Doctor Name,Gender,Age,Contact No,Specialization,Years of Experience,License No,Salary (₹)
D002,Dr. Priya Sharma,Female,38,9876543211,Pediatrics,12,DL-2013-32456,"10,12,000"
D003,Dr. Anil Verma,Male,52,9876543212,Orthopedics,25,UP-2000-19234,"10,25,000"
D004,Dr. Sneha Patel,Female,35,9876543213,Dermatology,9,GJ-2016-54321,"10,33,000"
D005,Dr. Vikram Singh,Male,48,9876543214,Neurology,20,RJ-2005-67890,"10,48,000"
D006,Dr. Anjali Reddy,Female,42,9876543215,Obstetrics & Gynecology,16,TN-2009-23456,"10,57,000"
D007,Dr. Suresh Nair,Male,55,9876543216,General Surgery,28,KL-1997-11234,"10,69,000"
D008,Dr. Kavita Desai,Female,36,9876543217,Ophthalmology,10,MH-2015-98765,"10,75,000"
D009,Dr. Manoj Gupta,Male,44,9876543218,Oncology,17,DL-2008-45678,"10,88,000"
D010,Dr. Lakshmi Iyer,Female,39,9876543219,Radiology,13,TN-2012-34567,"10,96,000"
D011,Dr. Ramesh Choudhary,Male,50,9876543220,Gastroenterology,22,HR-2003-56789,"11,05,000"
D012,Dr. Deepa Menon,Female,37,9876543221,Psychiatry,11,KL-2014-67891,"11,17,000"
D013,Dr. Arjun Rao,Male,46,9876543222,Pulmonology,19,KA-2006-78912,"11,26,000"
D014,Dr. Nisha Kapoor,Female,34,9876543223,Endocrinology,8,PB-2017-89123,"11,39,000"
D015,Dr. Sanjay Joshi,Male,51,9876543224,Nephrology,23,MH-2002-90234,"11,47,000"
D016,Dr. Meera Pillai,Female,40,9876543225,Anesthesiology,14,KL-2011-12345,"11,59,000"
D017,Dr. Karan Malhotra,Male,43,9876543226,Urology,16,DL-2009-23456,"11,68,000"
D018,Dr. Pooja Bansal,Female,33,9876543227,Emergency Medicine,7,HR-2018-34567,"11,77,000"
D019,Dr. Ashok Tripathi,Male,49,9876543228,Rheumatology,21,UP-2004-45678,"11,89,000"
D020,Dr. Ritu Agarwal,Female,41,9876543229,Pathology,15,RJ-2010-56789,"11,97,000"
D021,Dr. Harish Yadav,Male,47,9876543230,ENT,19,MP-2006-67890,"12,05,000"
D022,Dr. Sunita Bose,Female,38,9876543231,General Medicine,12,WB-2013-78901,"12,18,000"
D023,Dr. Praveen Kumar,Male,44,9876543232,Diabetology,17,TN-2008-89012,"12,27,000"
D024,Dr. Swati Singh,Female,36,9876543233,Family Medicine,10,UP-2015-90123,"12,39,000"
D025,Dr. Naveen Reddy,Male,53,9876543234,Cardiothoracic Surgery,26,AP-1999-01234,"12,46,000"
D026,Dr. Divya Krishnan,Female,35,9876543235,Neurosurgery,9,KL-2016-12345,"12,58,000"
D027,Dr. Amit Saxena,Male,45,9876543236,Plastic Surgery,18,DL-2007-23456,"12,66,000"
D028,Dr. Geeta Pandey,Female,39,9876543237,Infectious Diseases,13,UP-2012-34567,"12,79,000"
D029,Dr. Nitin Kulkarni,Male,48,9876543238,Critical Care,20,MH-2005-45678,"12,86,000"
D030,Dr. Asha Narayan,Female,42,9876543239,Hematology,16,KA-2009-56789,"12,98,000"
D031,Dr. Vinod Tiwari,Male,54,9876543240,Vascular Surgery,27,MP-1998-67890,"13,05,000"
D032,Dr. Neha Chopra,Female,37,9876543241,Neonatology,11,DL-2014-78901,"13,16,000"
D033,Dr. Rahul Bhatt,Male,46,9876543242,Geriatric Medicine,19,GJ-2006-89012,"13,27,000"
D034,Dr. Preeti Mishra,Female,34,9876543243,Allergy & Immunology,8,UP-2017-90123,"13,39,000"
D035,Dr. Sandeep Rawat,Male,50,9876543244,Sports Medicine,22,UK-2003-01234,"13,45,000"
D036,Dr. Radhika Sinha,Female,40,9182736405,Pain Management,14,BR-2011-12345,2500000
D037,Dr. Ajay Bhandari,Male,43,9876543246,Hepatology,17,DL-2008-23456,"13,69,000"
D038,Dr. Rekha Jain,Female,38,9876543247,Pediatric Surgery,12,RJ-2013-34567,"13,77,000"
D039,Dr. Mahesh Shetty,Male,47,9876543248,Interventional Radiology,19,KA-2006-45678,"13,86,000"
D040,Dr. Sarita Devi,Female,41,9876543249,Nuclear Medicine,15,BR-2010-56789,"13,95,000"
D041,Dr. Kishore Patel,Male,49,9876543250,Transplant Surgery,21,GJ-2004-67890,"14,08,000"
D042,Dr. Vandana Roy,Female,36,9876543251,Preventive Medicine,10,WB-2015-78901,"14,16,000"
D043,Dr. Rohit Chauhan,Male,44,9876543252,Medical Oncology,17,HR-2008-89012,"14,29,000"
D044,Dr. Shruti Rane,Female,35,9876543253,Radiation Oncology,9,MH-2016-90123,"14,37,000"
D045,Dr. Dilip Varma,Male,52,9876543254,Trauma Surgery,24,AP-2001-01234,"14,48,000"
D046,Dr. Jyoti Mehta,Female,39,9876543255,Cosmetology,13,DL-2012-12345,"14,59,000"
D047,Dr. Sunil Kumar,Male,45,9876543256,Thoracic Surgery,18,UP-2007-23456,"14,68,000"
D048,Dr. Meenakshi Iyer,Female,37,9876543257,Sleep Medicine,11,TN-2014-34567,"14,79,000"
D049,Dr. Abhishek Dubey,Male,46,9876543258,Clinical Immunology,19,MP-2006-45678,"14,87,000"
D050,deepak,male,30,9281736405,general surgeon,5,TN-2020-2389,250000
